{"generated_at":"2025-12-24T03:06:36.535188+00:00","overall":{"ranking":[["baseline:latent_shift",0.2742760181427002],["baseline:global_mean",0.27755653858184814],["baseline:per_perturbation_mean",0.27755653858184814],["baseline:ridge",0.27755656838417053],["v0",0.28633034229278564]],"scores":{"baseline:global_mean":0.27755653858184814,"baseline:latent_shift":0.2742760181427002,"baseline:per_perturbation_mean":0.27755653858184814,"baseline:ridge":0.27755656838417053,"v0":0.28633034229278564}},"primary_metric":"perturbench.RMSE","score_mode":"min","tasks":[{"dataset":"norman19","ranking":[["baseline:latent_shift",0.2742760181427002],["baseline:global_mean",0.27755653858184814],["baseline:per_perturbation_mean",0.27755653858184814],["baseline:ridge",0.27755656838417053],["v0",0.28633034229278564]],"scores":{"baseline:global_mean":0.27755653858184814,"baseline:latent_shift":0.2742760181427002,"baseline:per_perturbation_mean":0.27755653858184814,"baseline:ridge":0.27755656838417053,"v0":0.28633034229278564},"split_hash":"da58b88d99c4133b173cf75d4998649a36974d7ec4ebd831930a10328cfe0b1b"}]}